<?xml version="1.0"?>
<doc>
    <assembly>
        <name>DataProviders</name>
    </assembly>
    <members>
        <member name="T:DataProviders.Can.CanConnectionEventArgs">
            <summary>
            Аргументы события по подключению/отключению устройства
            </summary>
        </member>
        <member name="P:DataProviders.Can.CanConnectionEventArgs.DeviceName">
            <summary>
            Наименование устройства
            </summary>
        </member>
        <member name="P:DataProviders.Can.CanConnectionEventArgs.SerialNumber">
            <summary>
            Серийный номер девайса
            </summary>
        </member>
        <member name="M:DataProviders.Can.CanConnectionEventArgs.#ctor(System.String,System.String)">
            <summary>
            Инициализация экземляра CanConnectionEventArgs
            </summary>
            <param name="deviceName">Наименование устройства</param>
            <param name="serialNumber">Серийный номер девайса (не обязателен)</param>
            <exception cref="T:System.ArgumentNullException"></exception>
        </member>
        <member name="P:DataProviders.Can.CanConnectionEventArgs.SerialNumberNotSet">
            <summary>
            Значение серийного номера в случае, если он не был задан
            </summary>
        </member>
        <member name="T:DataProviders.Can.CanFilter">
            <summary>
            Представляет фильтр CAN
            </summary>
        </member>
        <member name="P:DataProviders.Can.CanFilter.CanId">
            <summary>
            Представляет CAN ID
            </summary>
        </member>
        <member name="P:DataProviders.Can.CanFilter.Mask">
            <summary>
            Маска или граница списка
            </summary>
        </member>
        <member name="P:DataProviders.Can.CanFilter.Scale">
            <summary>
            ID Scale - размерность идентификатора
            </summary>
        </member>
        <member name="P:DataProviders.Can.CanFilter.Type">
            <summary>
            Уровень фильтрации - программный/аппаратный
            </summary>
        </member>
        <member name="P:DataProviders.Can.CanFilter.Mode">
            <summary>
            Тип фильтрации
            </summary>
        </member>
        <member name="M:DataProviders.Can.CanFilter.#ctor(System.UInt32,System.UInt32,DataProviders.Can.CanIdScale,DataProviders.Can.FilterType)">
            <summary>
            Конструктор, инициализирующий фильтр для фильтрации по маске
            </summary>
            <param name="canId">Идентификатор CAN ID</param>
            <param name="mask">Маска для фильтрации</param> 
            <param name="scale">Размерность идентификатора</param>
            <param name="type">Уровень фильтрации</param>
        </member>
        <member name="M:DataProviders.Can.CanFilter.#ctor(System.UInt32,DataProviders.Can.CanIdScale,DataProviders.Can.FilterType)">
            <summary>
            Конструктор, инициализирующий фильтр для фильтрации списком
            </summary>
            <param name="canId">Идентификатор CAN ID</param>
            <param name="scale">Размерность идентификатора</param>
            <param name="type">Уровень фильтрации</param>
        </member>
        <member name="M:DataProviders.Can.CanFilter.ToString">
            <summary>
            Возвращает строковое представление фильтра CAN (его ID)
            </summary>
            <returns>Строковое представление фильтра (CAN ID)</returns>
        </member>
        <member name="M:DataProviders.Can.CanFilter.Equals(DataProviders.Can.ICanFilter)">
            <summary>
            Сравнение с другим фильтром
            </summary>
            <param name="other">Второй фильтр</param>
        </member>
        <member name="T:DataProviders.Can.CanDataReceivedEventArgs">
            <summary>
            Represents data of DataReceived event
            </summary>
        </member>
        <member name="P:DataProviders.Can.CanDataReceivedEventArgs.CanSource">
            <summary>
            Номер шины, откуда пришло сообщение
            </summary>
        </member>
        <member name="P:DataProviders.Can.CanDataReceivedEventArgs.CanId">
            <summary>
            ID CAN входящего сообщения
            </summary>
        </member>
        <member name="P:DataProviders.Can.CanDataReceivedEventArgs.IdScale">
            <summary>
            Разрешение ID принятого пакета
            </summary>
        </member>
        <member name="P:DataProviders.Can.CanDataReceivedEventArgs.Data">
            <summary>
            Буфер входных данных размером [0;8]
            </summary>
        </member>
        <member name="M:DataProviders.Can.CanDataReceivedEventArgs.#ctor(DataProviders.Can.CanNumber,System.Byte[],System.UInt32,DataProviders.Can.CanIdScale)">
            <summary>
            Инициализация экземляра CanDataReceivedEventArgs
            </summary>
            <param name="canSource">Номер шины, откуда пришло сообщение</param>
            <param name="canId">ID CAN входящего сообщения</param>
            <param name="data">Буфер входных данных размером [0;8]</param>
            <param name="idScale">Разрешение ID принятого пакета</param>
            <exception cref="T:System.ArgumentNullException"></exception>
        </member>
        <member name="T:DataProviders.Can.CanIdScale">
            <summary>
            Represents scale of CAN id
            </summary>
        </member>
        <member name="F:DataProviders.Can.CanIdScale.Standard">
            <summary>
            CAN ID длиной 11 бит - стандарт CAN 2.0a
            </summary>
        </member>
        <member name="F:DataProviders.Can.CanIdScale.Extended">
            <summary>
            CAN ID длиной 29 бит - стандарт CAN 2.0b
            </summary>
        </member>
        <member name="T:DataProviders.Can.CanNumber">
            <summary>
            Номер CAN шины куда отправить сообщение/ откуда пришло сообщение
            </summary>
        </member>
        <member name="F:DataProviders.Can.CanNumber.CAN1">
            <summary>
            Первый CAN
            </summary>
        </member>
        <member name="F:DataProviders.Can.CanNumber.CAN2">
            <summary>
            Второй CAN
            </summary>
        </member>
        <member name="T:DataProviders.Can.CanSpeed">
            <summary>
            Represents predefined speeds of CAN bus
            </summary>
        </member>
        <member name="F:DataProviders.Can.CanSpeed._10Kb">
            <summary>
            10 Kilobits per second
            </summary>
        </member>
        <member name="F:DataProviders.Can.CanSpeed._20Kb">
            <summary>
            20 Kilobits per second
            </summary>
        </member>
        <member name="F:DataProviders.Can.CanSpeed._50Kb">
            <summary>
            50 Kilobits per second
            </summary>
        </member>
        <member name="F:DataProviders.Can.CanSpeed._100Kb">
            <summary>
            100 Kilobits per second
            </summary>
        </member>
        <member name="F:DataProviders.Can.CanSpeed._125Kb">
            <summary>
            125 Kilobits per second
            </summary>
        </member>
        <member name="F:DataProviders.Can.CanSpeed._250Kb">
            <summary>
            250 Kilobits per second (default speed of CAN bus)
            </summary>
        </member>
        <member name="F:DataProviders.Can.CanSpeed._500Kb">
            <summary>
            500 Kilobits per second
            </summary>
        </member>
        <member name="F:DataProviders.Can.CanSpeed._1000Kb">
            <summary>
            1000 Kilobits per second
            </summary>
        </member>
        <member name="T:DataProviders.Can.CanState">
            <summary>
            Состояние шины CAN
            </summary>
        </member>
        <member name="F:DataProviders.Can.CanState.NotSupported">
            <summary>
            Не поддерживается данным устройством
            </summary>
        </member>
        <member name="F:DataProviders.Can.CanState.Disabled">
            <summary>
            Отключена
            </summary>
        </member>
        <member name="F:DataProviders.Can.CanState.Inactive">
            <summary>
            Нет сообщений
            </summary>
        </member>
        <member name="F:DataProviders.Can.CanState.Active">
            <summary>
            Есть обмен на шине
            </summary>
        </member>
        <member name="T:DataProviders.Can.CommandAnswerEventArgs">
            <summary>
            Аргументы события по получению ответа на команду
            </summary>
        </member>
        <member name="P:DataProviders.Can.CommandAnswerEventArgs.Command">
            <summary>
            Тип команды, на которую получен ответ
            </summary>
        </member>
        <member name="P:DataProviders.Can.CommandAnswerEventArgs.Result">
            <summary>
            ID CAN входящего сообщения
            </summary>
        </member>
        <member name="M:DataProviders.Can.CommandAnswerEventArgs.#ctor(DataProviders.Can.CommandType,DataProviders.Can.CommandResult)">
            <summary>
            Инициализация экземляра CommandAnswerEventArgs
            </summary>
            <param name="command">Команда</param>
            <param name="result">Результат</param>
            <exception cref="T:System.ArgumentNullException"></exception>
        </member>
        <member name="T:DataProviders.Can.CommandResult">
            <summary>
            Результат выполнения команды устройством
            </summary>
        </member>
        <member name="F:DataProviders.Can.CommandResult.Fail">
            <summary>
            Команда не выполнена, мб ошибка
            </summary>
        </member>
        <member name="F:DataProviders.Can.CommandResult.Success">
            <summary>
            Команда выполнена успешно
            </summary>
        </member>
        <member name="T:DataProviders.Can.CommandType">
            <summary>
            Типы команд для устройства
            </summary>
        </member>
        <member name="F:DataProviders.Can.CommandType.Speed">
            <summary>
            Команда на инициализацию скорости
            </summary>
        </member>
        <member name="F:DataProviders.Can.CommandType.Filter">
            <summary>
            Команда установки/сброса фильтра
            </summary>
        </member>
        <member name="F:DataProviders.Can.CommandType.Reset">
            <summary>
            Команда на перезагрузку
            </summary>
        </member>
        <member name="F:DataProviders.Can.CommandType.ResetError">
            <summary>
            Команда сброса ошибок
            </summary>
        </member>
        <member name="T:DataProviders.Can.FilterMode">
            <summary>
            Описывает тип фильтрации
            </summary>
        </member>
        <member name="F:DataProviders.Can.FilterMode.Mask">
            <summary>
            Фильтрация по маске
            </summary>
        </member>
        <member name="F:DataProviders.Can.FilterMode.List">
            <summary>
            Фильтрация списком
            </summary>
        </member>
        <member name="T:DataProviders.Can.FilterType">
            <summary>
            Представляет режим фильтрации
            </summary>
        </member>
        <member name="F:DataProviders.Can.FilterType.Hardware">
            <summary>
            Фильтрация аппаратным путём
            </summary>
        </member>
        <member name="F:DataProviders.Can.FilterType.Software">
            <summary>
            Фильтрация программным путём
            </summary>
        </member>
        <member name="T:DataProviders.Can.ICanDataProvider">
            <summary>
            Represents CAN data provider interface
            </summary>
        </member>
        <member name="P:DataProviders.Can.ICanDataProvider.DeviceName">
            <summary>
            Представляет название устройства
            </summary>
        </member>
        <member name="P:DataProviders.Can.ICanDataProvider.IsConnected">
            <summary>
            Индикатор активности соединения
            </summary>
        </member>
        <member name="P:DataProviders.Can.ICanDataProvider.MaxHardwareFilterCount">
            <summary>
            Представляет доступное количество аппаратных фильтров CAN
            </summary>
        </member>
        <member name="P:DataProviders.Can.ICanDataProvider.Can1State">
            <summary>
            Состояние шины CAN1
            </summary>
        </member>
        <member name="P:DataProviders.Can.ICanDataProvider.Can2State">
            <summary>
            Состояние шины CAN2
            </summary>
        </member>
        <member name="P:DataProviders.Can.ICanDataProvider.ErrorPercentage">
            <summary>
            Средний процент ошибок в минуту.
            </summary>
        </member>
        <member name="E:DataProviders.Can.ICanDataProvider.DataReceived">
            <summary>
            Событие по получению входящего сообщения
            </summary>
        </member>
        <member name="E:DataProviders.Can.ICanDataProvider.DeviceDisconnected">
            <summary>
            Событие по потере соединения с HID устройством
            </summary>
        </member>
        <member name="E:DataProviders.Can.ICanDataProvider.DeviceConnected">
            <summary>
            Событие по установлению соединения с HID устройством
            </summary>
        </member>
        <member name="E:DataProviders.Can.ICanDataProvider.CommandAnswerReceived">
            <summary>
            Событие по получению ответа на команду устройству
            </summary>
        </member>
        <member name="M:DataProviders.Can.ICanDataProvider.SetCanSpeed(DataProviders.Can.CanSpeed,DataProviders.Can.CanNumber)">
            <summary>
            Устанавливает скорость 
            </summary>
            <param name="speed">Скорость для установки</param>
            <param name="canDst">Номер CAN шины</param>
        </member>
        <member name="M:DataProviders.Can.ICanDataProvider.GetCanSpeed(DataProviders.Can.CanNumber)">
            <summary>
            Получает текущую скорость CAN
            <param name="canDst">Номер CAN шины</param>
            </summary>
            <returns>Текущая скорость CAN</returns>
        </member>
        <member name="M:DataProviders.Can.ICanDataProvider.SendData(System.Byte[],System.UInt32,DataProviders.Can.CanIdScale,DataProviders.Can.CanNumber)">
            <summary>
            Отправка данных в CAN шину
            </summary>
            <param name="data">Байтовый массив длиной [0;8]</param>
            <param name="messageId">ID CAN для отправки</param>
            <param name="scale">Размерность ID CAN</param>
            <param name="canDst">Номер шины, куда нужно отправить сообщение</param>
        </member>
        <member name="M:DataProviders.Can.ICanDataProvider.SetFilter(DataProviders.Can.ICanFilter,DataProviders.Can.CanNumber)">
            <summary>
            Установка фильтра CAN
            </summary>
            <param name="filter">Объект фильтра для установки</param>
            <param name="canDst">Номер шины на которую ставим фильтр</param>
        </member>
        <member name="M:DataProviders.Can.ICanDataProvider.ResetFilter(DataProviders.Can.ICanFilter,DataProviders.Can.CanNumber)">
            <summary>
            Удаление фильтра CAN
            </summary>
            <param name="filter">Объект фильтра для удаления</param>
            <param name="canDst">Номер шины на которой сбрасываем фильтр</param>
        </member>
        <member name="M:DataProviders.Can.ICanDataProvider.ClearFilters(DataProviders.Can.CanNumber)">
            <summary>
            Сброс всех установленных CAN фильтров
            <param name="canDst">Номер шины где сбрасываем фильтры</param>
            </summary>
        </member>
        <member name="T:DataProviders.Can.ICanFilter">
            <summary>
            Интерфейс CAN фильтра
            </summary>
        </member>
        <member name="P:DataProviders.Can.ICanFilter.CanId">
            <summary>
            ID CAN - идентификатор
            </summary>
        </member>
        <member name="P:DataProviders.Can.ICanFilter.Mask">
            <summary>
            Маска для фильтрации
            </summary>
        </member>
        <member name="P:DataProviders.Can.ICanFilter.Mode">
            <summary>
            Режим фильтрации (списком или по маске)
            </summary>
        </member>
        <member name="P:DataProviders.Can.ICanFilter.Scale">
            <summary>
            ID Scale - размерность идентификатора
            </summary>
        </member>
        <member name="P:DataProviders.Can.ICanFilter.Type">
            <summary>
            Уровень фильтрации - программный/аппаратный
            </summary>
        </member>
    </members>
</doc>
