<?xml version="1.0"?>
<doc>
    <assembly>
        <name>RGHidDevice</name>
    </assembly>
    <members>
        <member name="T:RGHidDevice.RgUsbDeviceCanDriver">
            <summary>
            Представляет доступ к драйверу для работы с RG USB-CAN мостом
            </summary>
        </member>
        <member name="P:RGHidDevice.RgUsbDeviceCanDriver.Instance">
            <summary>
            Предоставляет объект драйвера для работы с RG USB-CAN мостом
            </summary>
        </member>
        <member name="M:RGHidDevice.RgUsbDeviceCanDriver.CreateInstance">
            <summary>
            Создаёт экземпляр <see cref="T:DataProviders.Can.ICanDataProvider"/> для RG Device
            </summary>
            <returns>Экземпляр <see cref="T:DataProviders.Can.ICanDataProvider"/></returns>
        </member>
        <member name="M:RGHidDevice.RgUsbDeviceCanDriver.DestroyInstance">
            <summary>
            Уничтожает экземпляр <see cref="T:DataProviders.Can.ICanDataProvider"/> для RG Device
            </summary>
            <returns></returns>
        </member>
    </members>
</doc>
