<?xml version="1.0"?>
<doc>
    <assembly>
        <name>RGLibrary.Remote</name>
    </assembly>
    <members>
        <member name="T:RGLibrary.Remote.Firmware.UcFirmwareSource">
            <summary>
            Представляет удаленный источник прошивок универсального контроллера RG (UC)
            </summary>
        </member>
        <member name="M:RGLibrary.Remote.Firmware.UcFirmwareSource.#ctor(RGLibrary.Remote.RemoteCredentials,System.String[])">
            <summary>
            Конструктор
            </summary>
            <param name="credentials">Данные для подключения</param>
            <param name="directoriesToCheck">Директории для проверки наличия проекта</param>
        </member>
        <member name="M:RGLibrary.Remote.Firmware.UcFirmwareSource.#ctor(System.String,System.String[])">
            <summary>
            Конструктор
            </summary>
            <param name="projectName">Название проекта</param>
            <param name="directoriesToCheck">Директории для проверки наличия прошивки</param>
        </member>
        <member name="M:RGLibrary.Remote.Firmware.UcFirmwareSource.GetReleaseFeed">
            <summary>
            Возвращает конфигурацию прошивок универсального контроллера RG (UC)
            </summary>
            <returns>Задачу получения конфигурацию прошивок</returns>
        </member>
        <member name="M:RGLibrary.Remote.Firmware.UcFirmwareSource.DownloadReleaseEntry(RGLibrary.FirmwareConfig.IFirmwareEntry)">
            <summary>
            Загружает прошивку универсального контроллера RG (UC)
            </summary>
            <param name="releaseEntry">Описание прошивки</param>
            <returns>Задачу загрузки прошивки универсального контроллера RG (UC)</returns>
        </member>
        <member name="T:RGLibrary.Remote.NetworkConnectionState">
            <summary>
            Представляет состояния подключения к сети интернет
            </summary>
        </member>
        <member name="F:RGLibrary.Remote.NetworkConnectionState.Disconnected">
            <summary>
            Не подключен (отсутствует доступ в глобальную сеть)
            </summary>
        </member>
        <member name="F:RGLibrary.Remote.NetworkConnectionState.Connected">
            <summary>
            Подключен (имеется доступ в глобальную сеть, целевой сервер отвечает)
            </summary>
        </member>
        <member name="F:RGLibrary.Remote.NetworkConnectionState.TargetGivesNoResponse">
            <summary>
            Подключен (имеется доступ в глобальную сеть, целевой сервер не отвечает)
            </summary>
        </member>
        <member name="T:RGLibrary.Remote.Properties.Resources">
            <summary>
              A strongly-typed resource class, for looking up localized strings, etc.
            </summary>
        </member>
        <member name="P:RGLibrary.Remote.Properties.Resources.ResourceManager">
            <summary>
              Returns the cached ResourceManager instance used by this class.
            </summary>
        </member>
        <member name="P:RGLibrary.Remote.Properties.Resources.Culture">
            <summary>
              Overrides the current thread's CurrentUICulture property for all
              resource lookups using this strongly typed resource class.
            </summary>
        </member>
        <member name="P:RGLibrary.Remote.Properties.Resources.RemoteBaseUrl">
            <summary>
              Looks up a localized string similar to https://appupdate.rg-gr.ru/firmwares.
            </summary>
        </member>
        <member name="P:RGLibrary.Remote.Properties.Resources.RemoteDefaultPassword">
            <summary>
              Looks up a localized string similar to ap12345.
            </summary>
        </member>
        <member name="P:RGLibrary.Remote.Properties.Resources.RemoteRequestString">
            <summary>
              Looks up a localized string similar to ?user={0}&amp;password={1}&amp;file={2}.
            </summary>
        </member>
        <member name="P:RGLibrary.Remote.Properties.Resources.RemoteWindowsApplicationRoute">
            <summary>
              Looks up a localized string similar to Windows.
            </summary>
        </member>
        <member name="P:RGLibrary.Remote.Properties.Resources.UcFirmwareDefaultName">
            <summary>
              Looks up a localized string similar to Controller_UC_full.bin.
            </summary>
        </member>
        <member name="P:RGLibrary.Remote.Properties.Resources.UcFirmwareVersionsConfigFileName">
            <summary>
              Looks up a localized string similar to VersionsConfig.json.
            </summary>
        </member>
        <member name="P:RGLibrary.Remote.Properties.Resources.UcFirmwareVersionsRoute">
            <summary>
              Looks up a localized string similar to Versions.
            </summary>
        </member>
        <member name="T:RGLibrary.Remote.RemoteCredentials">
            <summary>
            Представляет данные для получения информации от сервера RG
            </summary>
        </member>
        <member name="P:RGLibrary.Remote.RemoteCredentials.User">
            <summary>
            Имя пользователя (название проекта)
            </summary>
        </member>
        <member name="P:RGLibrary.Remote.RemoteCredentials.Password">
            <summary>
            Пароль
            </summary>
        </member>
        <member name="P:RGLibrary.Remote.RemoteCredentials.File">
            <summary>
            Путь к файлу
            </summary>
        </member>
        <member name="M:RGLibrary.Remote.RemoteCredentials.#ctor(System.String,System.String,System.String)">
            <summary>
            Конструктор
            </summary>
            <param name="user">Имя пользователя (название проекта)</param>
            <param name="password">Пароль</param>
            <param name="file">Путь к файлу</param>
            <exception cref="T:System.ArgumentException">Возникает в случае, если имя пользователя или пароль
            не соответствуют требованиям</exception>
        </member>
        <member name="M:RGLibrary.Remote.RemoteCredentials.Clone">
            <summary>
            Создает копию текущего экземпляра
            </summary>
            <returns>Полную копию текущего экземпляра</returns>
        </member>
        <member name="T:RGLibrary.Remote.RemoteUtils">
            <summary>
            Представляет набор вспомогательных методов для работы с сетью и сервером RG
            </summary>
        </member>
        <member name="M:RGLibrary.Remote.RemoteUtils.CheckForInternetConnection(System.Int32,System.String)">
            <summary>
            Синхронно проверяет подключение к сети интернет
            </summary>
            <param name="timeoutMs">Время ожидания</param>
            <param name="url">Адрес для проверки соединения</param>
            <returns>true, если подключение есть, иначе - false</returns>
        </member>
        <member name="M:RGLibrary.Remote.RemoteUtils.CheckForInternetConnectionAsync(System.Int32,System.String)">
            <summary>
            Асинхронно проверяет подключение к сети интернет
            </summary>
            <param name="timeoutMs">Время ожидания</param>
            <param name="url">Адрес для проверки соединения</param>
            <returns>Возвращает задачу проверки подключения</returns>
        </member>
        <member name="M:RGLibrary.Remote.RemoteUtils.CheckForRgServerConnection(System.Int32)">
            <summary>
            Синхронно проверяет подключение к серверу RG
            </summary>
            <param name="timeoutMs">Время ожидания</param>
            <returns>true, если подключение есть, иначе - false</returns>
        </member>
        <member name="M:RGLibrary.Remote.RemoteUtils.CheckForRgServerConnectionAsync(System.Int32)">
            <summary>
            Асинхронно проверяет подключение к серверу RG
            </summary>
            <param name="timeoutMs">Время ожидания</param>
            <returns>Возвращает задачу проверки подключения</returns>
        </member>
        <member name="M:RGLibrary.Remote.RemoteUtils.GetConnectionState(System.Int32)">
            <summary>
            Синхронно проверяет состояние сети
            </summary>
            <param name="timeoutMs">Время ожидания</param>
            <returns>Текущее состояние сети</returns>
        </member>
        <member name="M:RGLibrary.Remote.RemoteUtils.GetConnectionStateAsync(System.Int32)">
            <summary>
            Асинхронно проверяет состояние сети
            </summary>
            <param name="timeoutMs">Время ожидания</param>
            <returns>Задачу проверки состояния сети</returns>
        </member>
        <member name="T:Squirrel.Sources.RgUpdateSource">
            <summary>
            Представляет источник сервера RG, используемый Squirrel для получения обновлений
            </summary>
        </member>
        <member name="P:Squirrel.Sources.RgUpdateSource.TargetName">
            <summary>
            Целевой адрес
            </summary>
        </member>
        <member name="M:Squirrel.Sources.RgUpdateSource.#ctor(System.String,Squirrel.Sources.IFileDownloader)">
            <summary>
            Конструктор
            </summary>
            <param name="targetName">Представляет название папки в папке Windows на удалённом сервере RG</param>
            <param name="downloader">Загрузчик</param>
        </member>
        <member name="M:Squirrel.Sources.RgUpdateSource.GetReleaseFeed(System.Nullable{System.Guid},Squirrel.ReleaseEntry)">
            <summary>
            Асинхронно загружает файл RELEASES и возвращает описание версий, содержащихся в нём
            </summary>
            <param name="stagingId"></param>
            <param name="latestLocalRelease"></param>
            <returns></returns>
        </member>
        <member name="M:Squirrel.Sources.RgUpdateSource.DownloadReleaseEntry(Squirrel.ReleaseEntry,System.String,System.Action{System.Int32})">
            <summary>
            Асинхронно загружает файл, соответствующий пути в <see cref="T:Squirrel.ReleaseEntry"/>
            </summary>
            <param name="releaseEntry">Целевой файл</param>
            <param name="localFile">Путь, куда загрузить указанный файл на локальный ПК</param>
            <param name="progress"></param>
            <returns></returns>
            <exception cref="T:System.ArgumentNullException"></exception>
        </member>
    </members>
</doc>
