<?xml version="1.0"?>
<doc>
    <assembly>
        <name>RGLibrary.FirmwareConfig</name>
    </assembly>
    <members>
        <member name="T:RGLibrary.FirmwareConfig.Config">
            <summary>
            Представляет набор методов для работы с конфигурацией описаний сборок прошивок
            универсального контроллера RG (UC)
            </summary>
        </member>
        <member name="M:RGLibrary.FirmwareConfig.Config.Create(System.Collections.Generic.IEnumerable{RGLibrary.FirmwareConfig.IFirmwareEntry})">
            <summary>
            Создает конфигурацию описаний сборок прошивок универсального контроллера RG (UC)
            </summary>
            <param name="entries">Набор описаний сборок прошивок универсального контроллера RG (UC)</param>
            <returns>Возвращает, созданную конфигурацию</returns>
        </member>
        <member name="T:RGLibrary.FirmwareConfig.FirmwareConfigExtensions">
            <summary>
            Представляет набор расширений к конфигурации прошивок универсального контроллера RG (UC)
            </summary>
        </member>
        <member name="M:RGLibrary.FirmwareConfig.FirmwareConfigExtensions.AsJson(RGLibrary.FirmwareConfig.IFirmwareConfig)">
            <summary>
            Преобразует конфигурацию в строку в Json формате
            </summary>
            <param name="config">Конфигурация прошивок универсального контроллера RG (UC)</param>
            <returns>Строку в формате Json</returns>
        </member>
        <member name="M:RGLibrary.FirmwareConfig.FirmwareConfigExtensions.AsFirmwareConfig(System.String)">
            <summary>
            Преобразует строку, содержащую конфигурацию в формате Json в объект <see cref="T:RGLibrary.FirmwareConfig.IFirmwareConfig"/>
            </summary>
            <param name="firmwareConfigJson">Строка, содержащая конфигурацию в формате Json</param>
            <returns>Объект <see cref="T:RGLibrary.FirmwareConfig.IFirmwareConfig"/></returns>
        </member>
        <member name="M:RGLibrary.FirmwareConfig.FirmwareConfigExtensions.Get(RGLibrary.FirmwareConfig.IFirmwareConfig,RGLibrary.RGProtocol.Firmware.UcFirmwareBuildType[])">
            <summary>
            Возвращает набор версий определенного типа сборки (<see cref="T:RGLibrary.RGProtocol.Firmware.UcFirmwareBuildType"/>)
            </summary>
            <param name="self">Конфигурация прошивок универсального контроллера RG (UC)</param>
            <param name="buildTypes">Типы сборок</param>
            <returns>Возвращает набор версий</returns>
        </member>
        <member name="M:RGLibrary.FirmwareConfig.FirmwareConfigExtensions.GetLatest(RGLibrary.FirmwareConfig.IFirmwareConfig,RGLibrary.RGProtocol.Firmware.UcFirmwareBuildType[])">
            <summary>
            Возвращает последнюю версию описания, определенного типа сборки, содержащуюся в конфигурации
            </summary>
            <param name="self">Конфигурация прошивок универсального контроллера RG (UC)</param>
            <param name="buildTypes">Типы сборки, если null, то будет возвращена последняя сборка</param>
            <returns>Возвращает последнюю версию описания</returns>
        </member>
        <member name="T:RGLibrary.FirmwareConfig.FirmwareEntry">
            <summary>
            Представляет методы для создания описаний сборок универсального контроллера RG (UC)
            </summary>
        </member>
        <member name="M:RGLibrary.FirmwareConfig.FirmwareEntry.Create(System.Version,RGLibrary.RGProtocol.Firmware.UcFirmwareBuildType,System.String,System.DateTime,RGLibrary.RGProtocol.Firmware.UcLibraryVersion)">
            <summary>
            Создает описание сборки прошивки универсального контроллера RG (UC),
            используя представленные параметры
            </summary>
            <param name="version">Версия сборки прошивки</param>
            <param name="buildType">Тип сборки прошивки</param>
            <param name="fileName">Имя файла сборки прошивки</param>
            <param name="timeStamp">Время создания сборки прошивки</param>
            <param name="libraryVersion">Версия библиотеки UC, на которой основана прошивка</param>
            <returns>Описание сборки прошивки</returns>
        </member>
        <member name="M:RGLibrary.FirmwareConfig.FirmwareEntry.Create(System.Version,RGLibrary.RGProtocol.Firmware.UcFirmwareBuildType,System.String,RGLibrary.RGProtocol.Firmware.UcLibraryVersion)">
            <summary>
            Создает описание сборки прошивки универсального контроллера RG (UC),
            используя представленные параметры
            </summary>
            <param name="version">Версия сборки прошивки</param>
            <param name="buildType">Тип сборки прошивки</param>
            <param name="fileName">Имя файла сборки прошивки</param>
            <param name="libraryVersion">Версия библиотеки UC, на которой основана прошивка</param>
            <returns>Описание сборки прошивки</returns>
        </member>
        <member name="M:RGLibrary.FirmwareConfig.FirmwareEntry.Create(System.UInt32,RGLibrary.RGProtocol.Firmware.UcFirmwareBuildType,System.String,System.DateTime,RGLibrary.RGProtocol.Firmware.UcLibraryVersion)">
            <summary>
            Создает описание сборки прошивки универсального контроллера RG (UC),
            используя представленные параметры
            </summary>
            <param name="version">Версия сборки прошивки</param>
            <param name="buildType">Тип сборки прошивки</param>
            <param name="fileName">Имя файла сборки прошивки</param>
            <param name="timeStamp">Время создания сборки прошивки</param>
            <param name="libraryVersion">Версия библиотеки UC, на которой основана прошивка</param>
            <returns>Описание сборки прошивки</returns>
        </member>
        <member name="M:RGLibrary.FirmwareConfig.FirmwareEntry.Create(System.UInt32,RGLibrary.RGProtocol.Firmware.UcFirmwareBuildType,System.String,RGLibrary.RGProtocol.Firmware.UcLibraryVersion)">
            <summary>
            Создает описание сборки прошивки универсального контроллера RG (UC),
            используя представленные параметры
            </summary>
            <param name="version">Версия сборки прошивки</param>
            <param name="buildType">Тип сборки прошивки</param>
            <param name="fileName">Имя файла сборки прошивки</param>
            <param name="libraryVersion">Версия библиотеки UC, на которой основана прошивка</param>
            <returns>Описание сборки прошивки</returns>
        </member>
        <member name="T:RGLibrary.FirmwareConfig.IFirmwareConfig">
            <summary>
            Представляет конфигурацию прошивок универсального контроллера RG (UC)
            </summary>
        </member>
        <member name="P:RGLibrary.FirmwareConfig.IFirmwareConfig.ProjectName">
            <summary>
            Представляет имя проекта
            </summary>
        </member>
        <member name="P:RGLibrary.FirmwareConfig.IFirmwareConfig.All">
            <summary>
            Представляет все обнаруженные описания сборок прошивок универсального контроллера RG (UC)
            </summary>
        </member>
        <member name="T:RGLibrary.FirmwareConfig.IFirmwareEntry">
            <summary>
            Представляет описание конкретной сборки прошивки универсального контроллера RG (UC)
            </summary>
        </member>
        <member name="P:RGLibrary.FirmwareConfig.IFirmwareEntry.FileName">
            <summary>
            Представляет имя файла сборки прошивки универсального контроллера RG (UC)
            </summary>
        </member>
        <member name="P:RGLibrary.FirmwareConfig.IFirmwareEntry.Version">
            <summary>
            Представляет версию сборки прошивки универсального контроллера RG (UC)
            </summary>
        </member>
        <member name="P:RGLibrary.FirmwareConfig.IFirmwareEntry.BuildType">
            <summary>
            Представляет тип сборки прошивки универсального контроллера RG (UC)
            </summary>
        </member>
        <member name="P:RGLibrary.FirmwareConfig.IFirmwareEntry.TimeStamp">
            <summary>
            Представляет дату и время сборки прошивки универсального контроллера RG (UC)
            </summary>
        </member>
        <member name="P:RGLibrary.FirmwareConfig.IFirmwareEntry.LibraryVersion">
            <summary>
            Представляет версию библиотеки UC, на которой основана прошивка
            </summary>
        </member>
    </members>
</doc>
