<?xml version="1.0"?>
<doc>
    <assembly>
        <name>CanHackerLib</name>
    </assembly>
    <members>
        <member name="T:CanHackerLib.CanHackerCanDriver">
            <summary>
            Предоставляет интерфейс для работы с CanHacker USB-CAN мостом
            </summary>
        </member>
        <member name="P:CanHackerLib.CanHackerCanDriver.Instance">
            <summary>
            Предоставляет объект драйвера для работы с CanHacker USB-CAN мостом
            </summary>
        </member>
        <member name="M:CanHackerLib.CanHackerCanDriver.CreateInstance">
            <summary>
            Создаёт экземпляр <see cref="T:DataProviders.Can.ICanDataProvider"/> для CanHacker Device
            </summary>
            <returns>Экземпляр <see cref="T:DataProviders.Can.ICanDataProvider"/></returns>
        </member>
        <member name="M:CanHackerLib.CanHackerCanDriver.DestroyInstance">
            <summary>
            Уничтожает экземпляр <see cref="T:DataProviders.Can.ICanDataProvider"/> для CanHacker Device
            </summary>
            <returns></returns>
        </member>
    </members>
</doc>
