<?xml version="1.0"?>
<doc>
    <assembly>
        <name>RGLibrary.Curves</name>
    </assembly>
    <members>
        <member name="T:RGLibrary.Curves.BezierConfig">
            <summary>
            Представляет набор методов для работы с конфигурациями Безье универсального контроллера RG (UC)
            </summary>
        </member>
        <member name="M:RGLibrary.Curves.BezierConfig.CreateConfig">
            <summary>
            Создает конфигурацию кривых Безье универсального контроллера RG (UC)
            </summary>
            <returns>Возвращает конфигурацию кривых Безье</returns>
        </member>
        <member name="M:RGLibrary.Curves.BezierConfig.CreateProjectConfigEntry(RGLibrary.RGProtocol.DeviceId,RGLibrary.Curves.IBezierConfig)">
            <summary>
            Создает конфигурацию кривых Безье для контроллера UC, применяемого в проекте
            </summary>
            <param name="id">ID контроллера</param>
            <param name="config">Конфигурация кривых Безье</param>
            <returns>Возвращает конфигурацию кривых Безье для устройства RG</returns>
        </member>
        <member name="M:RGLibrary.Curves.BezierConfig.CreateProjectConfig(RGLibrary.Curves.IProjectBezierConfigEntry[])">
            <summary>
            Создает конфигурацию проекта из набора настроек для различных контроллеров
            </summary>
            <param name="entries">Набор настроек</param>
            <returns>Возвращает конфигурацию кривых Безье для проекта</returns>
        </member>
        <member name="M:RGLibrary.Curves.BezierConfig.CreateProjectConfig(RGLibrary.RGProtocol.DeviceId[])">
            <summary>
            Создает конфигурацию кривых Безье для проекта, в котором используются один или несколько контроллеров
            </summary>
            <param name="ids">Набор ID контроллеров</param>
            <returns>Возвращает конфигурацию кривых Безье для проекта</returns>
        </member>
        <member name="M:RGLibrary.Curves.BezierConfig.CreateProjectConfig">
            <summary>
            Создает конфигурацию кривых Безье для проекта, в котором используются один или несколько контроллеров
            </summary>
            <returns>Возвращает конфигурацию кривых Безье для проекта</returns>
        </member>
        <member name="M:RGLibrary.Curves.BezierConfig.CreateBezierPreset(System.String)">
            <summary>
            Создает набор настроек для конкретной кривой
            </summary>
            <param name="name">Пользовательское название кривой</param>
            <returns>Возвращает набор настроек для конкретной кривой</returns>
        </member>
        <member name="M:RGLibrary.Curves.BezierConfig.FromJson(System.String)">
            <summary>
            Получает конфигурацию кривых Безье для контроллера UC из строки, содержащей описание конфигурации в формате JSON
            </summary>
            <param name="json">Строка, содержащая конфигурацию в формате JSON</param>
            <returns>Возвращает конфигурацию кривых Безье для контроллера UC</returns>
        </member>
        <member name="M:RGLibrary.Curves.BezierConfig.ProjectConfigFromJson(System.String)">
            <summary>
            Получает конфигурацию кривых Безье для проекта, в котором используется один или несколько контроллеров UC,
            из строки, содержащей описание конфигурации в формате JSON
            </summary>
            <param name="json">Строка, содержащая конфигурацию проекта в формате JSON</param>
            <returns>Возвращает конфигурацию кривых Безье для проекта</returns>
        </member>
        <member name="M:RGLibrary.Curves.BezierConfig.AsConfigEntry(RGLibrary.Curves.IBezierConfig,RGLibrary.RGProtocol.DeviceId)">
            <summary>
            Объединяет конфигурацию кривых Безье и ID устройства RG
            </summary>
            <param name="config">Конфигурацию кривых Безье</param>
            <param name="id">ID устройства RG</param>
            <returns>Возвращает конфигурацию кривых Безье для устройства RG</returns>
        </member>
        <member name="M:RGLibrary.Curves.BezierConfig.AsJson(RGLibrary.Curves.IBezierConfig)">
            <summary>
            Преобразует конфигурацию кривых Безье в строку в формате JSON
            </summary>
            <param name="config">Конфигурация кривых Безье для универсального контроллера RG</param>
            <returns>Строку в формате JSON</returns>
        </member>
        <member name="M:RGLibrary.Curves.BezierConfig.AsJson(RGLibrary.Curves.IBezierConfig,RGLibrary.RGProtocol.DeviceId)">
            <summary>
            Преобразует конфигурацию кривых Безье в строку в формате JSON, содержащую конфигурацию проекта
            </summary>
            <param name="config">Конфигурация кривых Безье</param>
            <param name="id">ID устройства RG</param>
            <returns>Строку в формате JSON</returns>
        </member>
        <member name="M:RGLibrary.Curves.BezierConfig.AsJson(RGLibrary.Curves.IProjectBezierConfig)">
            <summary>
            Преобразует конфигурацию Безье проекта в строку в формате JSON
            </summary>
            <param name="config">Конфигурация кривых Безье проекта</param>
            <returns>Строку в формате JSON</returns>
        </member>
        <member name="T:RGLibrary.Curves.BezierConfigurator">
            <summary>
            Представляет класс, используемый для создания конфигуратора кривых Безье
            </summary>
        </member>
        <member name="M:RGLibrary.Curves.BezierConfigurator.Create(System.Nullable{System.TimeSpan},RGLibrary.RGProtocol.RgProtocol[])">
            <summary>
            Создает конфигуратор, используемый для настройки конфигураций Безье через RgProtocol
            </summary>
            <param name="timeout">Время ожидания ответа</param>
            <param name="protocols">Протоколы, используемые для обращения к устройствам</param>
            <returns>Конфигуратор, используемый для настройки конфигураций Безье</returns>
        </member>
        <member name="T:RGLibrary.Curves.BezierOperationResult">
            <summary>
            Представляет перечисление, содержащее результаты операций Безье
            </summary>
        </member>
        <member name="F:RGLibrary.Curves.BezierOperationResult.Success">
            <summary>
            Успешное выполнение операции
            </summary>
        </member>
        <member name="F:RGLibrary.Curves.BezierOperationResult.Failed">
            <summary>
            Неуспешное выполнение операции
            </summary>
        </member>
        <member name="F:RGLibrary.Curves.BezierOperationResult.NoResponse">
            <summary>
            Устройство не отвечает
            </summary>
        </member>
        <member name="F:RGLibrary.Curves.BezierOperationResult.PartlyCompleted">
            <summary>
            Ошибка в процессе выполнение (некоторые из шагов провалены)
            </summary>
        </member>
        <member name="T:RGLibrary.Curves.BezierPoint">
            <summary>
            Представляет точку кривой Безье, применяемой в универсальном контроллере RG
            </summary>
        </member>
        <member name="P:RGLibrary.Curves.BezierPoint.X">
            <summary>
            Представляет координату X [0; 100]
            </summary>
        </member>
        <member name="P:RGLibrary.Curves.BezierPoint.Y">
            <summary>
            Представляет координату Y [0; 100]
            </summary>
        </member>
        <member name="P:RGLibrary.Curves.BezierPoint.Size">
            <inheritdoc />
        </member>
        <member name="M:RGLibrary.Curves.BezierPoint.#ctor(System.Int32,System.Int32)">
            <summary>
            Конструктор
            </summary>
            <param name="x">Координата X</param>
            <param name="y">Координата Y</param>
        </member>
        <member name="M:RGLibrary.Curves.BezierPoint.Deconstruct(System.Int32@,System.Int32@)">
            <summary>
            Разделяет точку Безье на координаты
            </summary>
            <param name="x">Координата X</param>
            <param name="y">Координата Y</param>
        </member>
        <member name="M:RGLibrary.Curves.BezierPoint.GetBytes">
            <inheritdoc />
        </member>
        <member name="M:RGLibrary.Curves.BezierPoint.FromBytes(System.Byte[],System.Int32)">
            <inheritdoc />
        </member>
        <member name="M:RGLibrary.Curves.BezierPoint.Equals(RGLibrary.Curves.BezierPoint)">
            <inheritdoc />
        </member>
        <member name="M:RGLibrary.Curves.BezierPoint.ToString">
            <inheritdoc />
        </member>
        <member name="M:RGLibrary.Curves.BezierPoint.Equals(System.Object)">
            <inheritdoc />
        </member>
        <member name="M:RGLibrary.Curves.BezierPoint.GetHashCode">
            <inheritdoc />
        </member>
        <member name="M:RGLibrary.Curves.BezierPoint.op_Equality(RGLibrary.Curves.BezierPoint,RGLibrary.Curves.BezierPoint)">
            <summary>
            Сравнивает две точки
            </summary>
        </member>
        <member name="M:RGLibrary.Curves.BezierPoint.op_Inequality(RGLibrary.Curves.BezierPoint,RGLibrary.Curves.BezierPoint)">
            <summary>
            Сравнивает две точки
            </summary>
        </member>
        <member name="T:RGLibrary.Curves.BezierVersion">
            <summary>
            Представляет версию конфигураций Безье универсального контроллера RG (UC)
            </summary>
        </member>
        <member name="F:RGLibrary.Curves.BezierVersion.Version1">
            <summary>
            Версия 1. Является первоначальной версией конфигурации Безье универсального контроллера
            </summary>
        </member>
        <member name="F:RGLibrary.Curves.BezierVersion.Version2">
            <summary>
            Версия 2. В дополнение к первой версии имеет следующие параметры доступные для конфигурации:
            UseFlowCoefficient - использование коэффициента плавности;
            UseAttenuationCoefficient - использование коэффициента затухания (остановки);
            AttenuationCoefficient - коэффициент затухания (остановки).
            </summary>
        </member>
        <member name="T:RGLibrary.Curves.IBezierConfig">
            <summary>
            Представляет конфигурацию Безье универсального контроллера RG (UC)
            </summary>
        </member>
        <member name="P:RGLibrary.Curves.IBezierConfig.RequiredVersion">
            <summary>
            Представляет минимальную версию Безье, для используемых настроек
            </summary>
        </member>
        <member name="P:RGLibrary.Curves.IBezierConfig.Presets">
            <summary>
            Представляет набор настроек конфигурации Безье универсального контроллера RG (UC)
            </summary>
        </member>
        <member name="T:RGLibrary.Curves.IBezierConfigurator">
            <summary>
            Представляет интерфейс модуля конфигурации кривых Безье универсального контроллера RG (UC)
            </summary>
        </member>
        <member name="P:RGLibrary.Curves.IBezierConfigurator.Timeout">
            <summary>
            Представляет время ожидания, по истечению которого считается, что связь с устройством потеряна
            </summary>
        </member>
        <member name="M:RGLibrary.Curves.IBezierConfigurator.GetBezierCountAsync(System.Nullable{RGLibrary.RGProtocol.DeviceId})">
            <summary>
            Получает количество поддерживаемых кривых Безье определенного контроллера
            </summary>
            <param name="targetId">ID контроллера</param>
            <returns>Возвращает количество поддерживаемых кривых Безье</returns>
        </member>
        <member name="M:RGLibrary.Curves.IBezierConfigurator.ReadOneAsync(System.Int32,System.Nullable{RGLibrary.RGProtocol.DeviceId})">
            <summary>
            Производит чтение настроек Безье для конкретной кривой
            </summary>
            <param name="presetIndex">Индекс набора настроек [0-15]</param>
            <param name="targetId">ID контроллера, настройку которого необходимо произвести</param>
            <returns>Возвращает задачу чтения настроек</returns>
        </member>
        <member name="M:RGLibrary.Curves.IBezierConfigurator.WriteOneAsync(RGLibrary.Curves.IBezierPreset,System.Int32,System.Nullable{RGLibrary.RGProtocol.DeviceId})">
            <summary>
            Производит запись настроек Безье для конкретной кривой
            </summary>
            <param name="preset">Набор настроек для конкретной кривой</param>
            <param name="presetIndex">Индекс набора настроек [1-16]</param>
            <param name="targetId">ID контроллера, настройку которого необходимо произвести</param>
            <returns>Возвращает задачу записи настроек</returns>
        </member>
        <member name="M:RGLibrary.Curves.IBezierConfigurator.ReadAsync(System.Nullable{RGLibrary.RGProtocol.DeviceId},RGLibrary.Base.ProgressChangedCallback,System.Threading.CancellationToken)">
            <summary>
            Производит чтение настроек всех кривых
            </summary>
            <param name="targetId">ID контроллера, настройку которого необходимо произвести</param>
            <param name="progressCallback">Представляет функцию, которая будет вызвана при изменении прогресса</param>
            <param name="cancellationToken">Токен отмены</param>
            <returns>Возвращает задачу чтения настроек</returns>
        </member>
        <member name="M:RGLibrary.Curves.IBezierConfigurator.WriteAsync(RGLibrary.Curves.IBezierConfig,System.Nullable{RGLibrary.RGProtocol.DeviceId},RGLibrary.Base.ProgressChangedCallback,System.Threading.CancellationToken)">
            <summary>
            Производит запись запись настроек всех кривых универсального контроллера RG (UC)
            </summary>
            <param name="config">Конфигурация настроек</param>
            <param name="targetId">ID контроллера, настройку которого необходимо произвести</param>
            <param name="progressCallback">Представляет функцию, которая будет вызвана при изменении прогресса</param>
            <param name="cancellationToken">Токен отмены</param>
            <returns>Возвращает задачу записи настроек</returns>
        </member>
        <member name="M:RGLibrary.Curves.IBezierConfigurator.ReadAllAsync(RGLibrary.Base.ProgressChangedCallback,System.Threading.CancellationToken)">
            <summary>
            Выполняет чтение настроек кривых со всех контроллеров, используемых в проекте
            </summary>
            <param name="progressCallback">Представляет функцию, которая будет вызвана при изменении прогресса</param>
            <param name="cancellationToken">Токен отмены</param>
            <returns>Задачу чтения настроек</returns>
        </member>
        <member name="M:RGLibrary.Curves.IBezierConfigurator.WriteAllAsync(RGLibrary.Curves.IProjectBezierConfig,RGLibrary.Base.ProgressChangedCallback,System.Threading.CancellationToken)">
            <summary>
            Выполняет запись настроек кривых во все контроллеры, используемые в проекте
            </summary>
            <param name="config">Конфигурация настроек кривых для проекта, основанного на универсальном контроллере RG (UC)</param>
            <param name="progressCallback">Представляет функцию, которая будет вызвана при изменении прогресса</param>
            <param name="cancellationToken">Токен отмены</param>
            <returns>Задачу записи настроек</returns>
        </member>
        <member name="T:RGLibrary.Curves.IBezierCurve">
            <summary>
            Представляет параметры кривой Безье для универсального контроллера RG (UC)
            </summary>
        </member>
        <member name="P:RGLibrary.Curves.IBezierCurve.MinPoint">
            <summary>
            Представляет минимальную точку кривой (нижнюю) [0; 100]
            </summary>
        </member>
        <member name="P:RGLibrary.Curves.IBezierCurve.MiddlePoint">
            <summary>
            Представляет среднюю точку кривой [0; 100]
            </summary>
        </member>
        <member name="P:RGLibrary.Curves.IBezierCurve.MaxPoint">
            <summary>
            Представляет максимальную точку кривой (верхнюю) [0; 100]
            </summary>
        </member>
        <member name="T:RGLibrary.Curves.IBezierPreset">
            <summary>
            Представляет набор настроек для "джойстика" универсального контроллера RG
            </summary>
        </member>
        <member name="P:RGLibrary.Curves.IBezierPreset.RequiredVersion">
            <summary>
            Представляет минимальную версию Безье, для используемых настроек
            </summary>
        </member>
        <member name="P:RGLibrary.Curves.IBezierPreset.Name">
            <summary>
            Представляет название кривой
            </summary>
        </member>
        <member name="P:RGLibrary.Curves.IBezierPreset.Curve">
            <summary>
            Представляет параметры кривой Безье
            </summary>
        </member>
        <member name="P:RGLibrary.Curves.IBezierPreset.UseFlowCoefficient">
            <summary>
            Представляет состояние использования коэффициента плавности
            </summary>
        </member>
        <member name="P:RGLibrary.Curves.IBezierPreset.FlowCoefficient">
            <summary>
            Представляет коэффициент плавности [0; 10]
            </summary>
        </member>
        <member name="P:RGLibrary.Curves.IBezierPreset.UseAttenuationCoefficient">
            <summary>
            Представляет состояние использования коэффициента затухания (остановки)
            </summary>
        </member>
        <member name="P:RGLibrary.Curves.IBezierPreset.AttenuationCoefficient">
            <summary>
            Представляет коэффициент затухания (остановки), используемый в ситуации (значение -> 0) [0; 10]
            </summary>
        </member>
        <member name="P:RGLibrary.Curves.IBezierPreset.TurtleCoefficient">
            <summary>
            Представляет коэффициент "черепахи" [0; 100]
            </summary>
        </member>
        <member name="M:RGLibrary.Curves.Implementation.BezierConfigImplementation.Clone">
            <inheritdoc />
        </member>
        <member name="M:RGLibrary.Curves.Implementation.ProjectBezierConfigEntryImplementation.Clone">
            <inheritdoc />
        </member>
        <member name="T:RGLibrary.Curves.IProjectBezierConfig">
            <summary>
            Представляет конфигурацию параметров Безье для проекта, основанном на универсальном контроллере RG (UC)
            </summary>
        </member>
        <member name="P:RGLibrary.Curves.IProjectBezierConfig.RequiredVersion">
            <summary>
            Представляет минимальную версию Безье, для используемых настроек
            </summary>
        </member>
        <member name="P:RGLibrary.Curves.IProjectBezierConfig.Configs">
            <summary>
            Представляет конфигурации для контроллеров, используемых в проекте
            </summary>
        </member>
        <member name="T:RGLibrary.Curves.IProjectBezierConfigEntry">
            <summary>
            Представляет конфигурацию для конкретного контроллера RG
            </summary>
        </member>
        <member name="P:RGLibrary.Curves.IProjectBezierConfigEntry.DeviceId">
            <summary>
            Представляет ID контроллера для которого предназначена текущая конфигурация
            </summary>
        </member>
        <member name="P:RGLibrary.Curves.IProjectBezierConfigEntry.Config">
            <summary>
            Представляет конфигурацию кривых Безье
            </summary>
        </member>
    </members>
</doc>
